store_name,category,subcategory,item_name,variant,price_inr,dietary_type,hero_item,menu_page,notes
Jawa Hut,Momos,Momos,Veg Momos,Steam,60,Veg,Yes,1,
Jawa Hut,Momos,Momos,Veg Momos,Fried,70,Veg,No,1,
Jawa Hut,Momos,Momos,Veg Momos,Fried Chilli,80,Veg,No,1,
Jawa Hut,Momos,Momos,Paneer Momos,Steam,70,Veg,No,1,
Jawa Hut,Momos,Momos,Paneer Momos,Fried,80,Veg,No,1,
Jawa Hut,Momos,Momos,Paneer Momos,Fried Chilli,90,Veg,No,1,
Jawa Hut,Momos,Momos,Chicken Momos,Steam,90,Non-Veg,No,1,
Jawa Hut,Momos,Momos,Chicken Momos,Fried,100,Non-Veg,No,1,
Jawa Hut,Momos,Momos,Chicken Momos,Fried Chilli,110,Non-Veg,No,1,
Jawa Hut,Momos,Momos,John Momo,,100,Non-Veg,Yes,1,Only one price is shown; no Steam/Fried/Fried Chilli variants are listed.
Jawa Hut,Noodles,Noodles,Veg Noodles,,60,Veg,No,1,
Jawa Hut,Noodles,Noodles,Egg Noodles,,70,Non-Veg,No,1,
Jawa Hut,Noodles,Noodles,Double Egg Noodles,,80,Non-Veg,Yes,1,
Jawa Hut,Noodles,Noodles,Paneer Noodles,,80,Veg,No,1,
Jawa Hut,Noodles,Noodles,Mushroom Noodles,,80,Veg,No,1,
Jawa Hut,Noodles,Noodles,Chicken Noodles,,90,Non-Veg,No,1,
Jawa Hut,Noodles,Noodles,Mix Noodles,,100,Non-Veg,No,1,Menu does not specify the exact contents of the mix.
Jawa Hut,Starters,Starters,Paneer Chilli,,110,Veg,Yes,1,
Jawa Hut,Starters,Starters,Mushroom Chilli,,100,Veg,No,1,
Jawa Hut,Starters,Starters,Chicken Chilli,,130,Non-Veg,No,1,
Jawa Hut,Starters,Starters,Chicken 65,,120,Non-Veg,No,1,
Jawa Hut,Starters,Starters,Honey Garlic Chicken,,100,Non-Veg,Yes,1,
Jawa Hut,Starters,Starters,Pan Fried Chicken,,100,Non-Veg,Yes,1,
Jawa Hut,Fried Rice,Fried Rice,Veg Fried Rice,,60,Veg,No,1,
Jawa Hut,Fried Rice,Fried Rice,Single Egg Fried Rice,,60,Non-Veg,No,1,
Jawa Hut,Fried Rice,Fried Rice,Double Egg Fried Rice,,70,Non-Veg,Yes,1,Price shown as ₹70 in the provided menu image.
Jawa Hut,Fried Rice,Fried Rice,Paneer Fried Rice,,80,Veg,No,1,
Jawa Hut,Fried Rice,Fried Rice,Mushroom Fried Rice,,80,Veg,No,1,
Jawa Hut,Fried Rice,Fried Rice,Chicken Fried Rice,,100,Non-Veg,No,1,
Jawa Hut,Manchurian,Manchurian,Gobi Manchurian,,80,Veg,No,1,
Jawa Hut,Manchurian,Manchurian,Mushroom Manchurian,,90,Veg,Yes,1,
Jawa Hut,Manchurian,Manchurian,Paneer Manchurian,,90,Veg,Yes,1,
Jawa Hut,Manchurian,Manchurian,Chicken Manchurian,,100,Non-Veg,Yes,1,
Jawa Hut,Rolls,Rolls,Veg Roll,,60,Veg,No,1,
Jawa Hut,Rolls,Rolls,Egg Roll,,70,Non-Veg,No,1,
Jawa Hut,Rolls,Rolls,Paneer Roll,,80,Veg,No,1,
Jawa Hut,Rolls,Rolls,Mushroom Roll,,80,Veg,No,1,
Jawa Hut,Rolls,Rolls,Chicken Roll,,90,Non-Veg,No,1,
Jawa Hut,Rolls,Rolls,Egg-Chicken Roll,,100,Non-Veg,Yes,1,
