Category,Item Name,Price (₹),Calories (Kcal),Weight (g),Dietary Preference
Veg,Chana Burger,84,-,-,Veg
Veg,Chana Burger & Pepsi,129,-,-,Veg
Veg,Chana Burger Meal,179,-,-,Veg
Veg,Veg Zinger Meal,318,985,635,Veg
Veg,Veg Rice Bowlz & Pepsi Combo,259,560,635,Veg
Veg,Veg Rice Bowlz,199,408,305,Veg
Veg,Veg Longer Meal,228,625,515,Veg
Veg,"Classic Veg Krisper, Fries & Pepsi Combo",228,771,555,Non Veg
Veg,"Spicy Veg Krisper, Fries & Pepsi Combo",228,708,550,Non Veg
Veg,Spicy Veg Krisper - With Cheese,134,472,156,Veg
Veg,Classic Veg Krisper - With Cheese,134,532,156,Veg
Veg,Veg Roll,114,447,145,Veg
Veg,Longer Veg Burger,104,259,110,Veg
Veg,Spicy Veg Krisper,104,436,145,Veg
Veg,Classic Veg Krisper,104,496,145,Veg
Veg,Fries + Pepsi,139.05,-,-,Veg
Double Chicken Dynamite,Double Chicken Dynamite,329,720,250,Non Veg
Double Chicken Dynamite,Double Chicken Dynamite Combo,369,862,580,Non Veg
Double Chicken Dynamite,Double Chicken Dynamite Snack Box,459,1168,670,Non Veg
Double Chicken Dynamite,Double Chicken Dynamite Box Meal,469,1335,720,Non Veg
Shawarma Specials,2 Shawarmas – Saver Deal,279,904,330,Non Veg
Shawarma Specials,2 Shawarma Meals – Value Deal,439,1636,1140,Non Veg
Shawarma Specials,Shawarma,189,-,-,Non Veg
Shawarma Specials,Shawarma & Pepsi Combo,249,-,-,Non Veg
Shawarma Specials,Shawarma Regular Meal,329,-,-,Non Veg
Shawarma Specials,Shawarma Snack Box,329,-,-,Non Veg
Shawarma Specials,Shawarma Box Meal,339,-,-,Non Veg
Shawarma Specials,Shawarma Big Box,359,-,-,Non Veg
Epic Savers,Epic Savers Bucket,529,479,670,Non Veg
Gold Edition,Gold Zinger and Popcorn Meal,379,-,-,Non Veg
Gold Edition,Gold Edition – Chicken Zinger,299,678,250,Non Veg
Gold Edition,Gold Edition – Chicken Zinger & Fries,329,902,325,Non Veg
Gold Edition,"Gold Edition – Chicken Zinger, Fries & Pepsi Meal",408,1044,655,Non Veg
Gold Edition,Gold Edition – 3pc Boneless Strips,239,387,146,Non Veg
Gold Edition,Gold Edition – Regular Fries,149,362,150,Veg
Gold Edition,Gold Edition – Veg Zinger,239,765,250,Veg
Gold Edition,"Gold Edition – Veg Zinger, Fries & Pepsi Meal",348,1131,655,Veg
Box Meals,All Chicken Box Meal,229,-,-,Non Veg
Box Meals,Classic Zinger Box Meal,359,1227,700,Non Veg
Box Meals,Tandoori Zinger Box Meal,369,1500,705,Non Veg
Variety Buckets,Epic Feast Grand Bucket,859,-,-,Non Veg
Variety Buckets,All In One Bucket,619,520,1105,Non Veg
Variety Buckets,Ultimate Savings Bucket,759,-,-,Non Veg
Variety Buckets,Big 12,759,579,910,Non Veg
Variety Buckets,Big 8 With 2 Pepsi Zero Sugar,759.05,608,1490,Non Veg
Variety Buckets,Big 8,609.05,602,670,Non Veg
Chicken Buckets,5 Leg Pc & Pepsi Combo,619,1004,1160,Non Veg
Chicken Buckets,5 Peri Peri Leg Pc,509,748,500,Non Veg
Chicken Buckets,8 Pc Bucket,729,160,880,Non Veg
Chicken Buckets,Wednesday Specials 15 Pc Bucket,439,1335,780,Non Veg
Chicken Buckets,6pc Hot & Crispy,579,213,660,Non Veg
Chicken Buckets,8 Pc Boneless Meal,499,374,500,Non Veg
Chicken Buckets,5pc Smoky Red With 2 Pepsi,589,569,780,Non Veg
Chicken Buckets,5pc Smoky Red,509,428,450,Non Veg
Burgers,Classic Chicken Krisper,114,405,150,Non Veg
Burgers,Spicy Chicken Krisper,114,342,145,Non Veg
Burgers,Spicy Zinger Burger,219,439,215,Non Veg
Burgers,Spicy Zinger Meal,338,708,550,Non Veg
Burgers,Zinger Pro Burger,269,529,225,Non Veg
Burgers,Zinger Pro Meal,408,895,630,Non Veg
Burgers,Tandoori Zinger Burger,219,902,230,Non Veg
Burgers,Tandoori Zinger Meal,338,1268,635,Non Veg
Burgers,American Classic Zinger Burger,209,971,360,Non Veg
Burgers,American Classic Zinger Meal,318,978,630,Non Veg
Burgers,Paneer Zinger Meal,328,1009,620,Veg
Burgers,"Spicy Chicken Krisper, Popcorn & Pepsi Combo",289,648,235,Non Veg
Burgers,"Classic Chicken Krisper, Popcorn & Pepsi Combo",289,853,570,Non Veg
Burgers,"Classic Chicken Krisper, Fries & Pepsi Combo",238,721,780,Non Veg
Burgers,Chicken Longer Burger,104,356,120,Non Veg
Burgers,Chicken Longer Meal,228,723,525,Non Veg
Burgers,"Spicy Chicken Krisper, Fries & Pepsi Combo",238,708,550,Non Veg
Burgers,Spicy Chicken Krisper - With Cheese,144,378,156,Non Veg
Burgers,Classic Chicken Krisper - With Cheese,144,441,161,Non Veg
Snacks,Regular Popcorn,114,306,90,Non Veg
Snacks,Medium Popcorn,169,476,140,Non Veg
Snacks,Large Popcorn,219,-,-,Non Veg
Snacks,4pc Hot Wings,169,498,140,Non Veg
Snacks,3 Pc Peri Peri Strips,169,498,140,Non Veg
Snacks,6 Peri Peri Strips,309,202,270,Non Veg
Snacks,1 Pc Hot & Crispy,114,320,110,Non Veg
Snacks,2pc Hot & Crispy,215,640,220,Non Veg
Snacks,4pc Hot & Crispy,409,640,440,Non Veg
Snacks,1pc Smoky Red,114,171,90,Non Veg
Snacks,2pc Smoky Red,215,342,180,Non Veg
Snacks,Regular Fries,94,-,224,Veg
Snacks,Medium Fries,104,-,-,Veg
Snacks,Large Fries,114,-,-,Veg
Snacks,Plain Rice Bowlz,149,418,250,Veg
Snacks,Tandoori Chicken Roll,114,225,150,Non Veg
Snacks,Tandoori Chicken Roll Meal,238,621,555,Non Veg
Snacks,Thai Spicy Chicken Roll,139,225,150,Non Veg
Snacks,Classic Chicken Roll,114,461,150,Non Veg
Snacks,Double Chicken Roll,169,526,190,Non Veg
Snacks,Double Chicken Roll Meal,288,892,595,Non Veg
Snacks,American Nashville Roll Meal,238,654,600,Non Veg
Snacks,Thai Spicy Chicken Roll Meal,238.1,591,555,Non Veg
Snacks,Dynamite Spicy Mayo Dip,43.57,77,20,Veg
Snacks,Nashville Hot Pepper Dip,43.57,-,-,Veg
Snacks,Eggless Mayo Dip,44,74,20,Veg
Snacks,Tandoori Masala Dip,44,74,20,Veg
Snacks,Naagin Sauce – The Original,44,20,20,Veg
Snacks,Naagin Sauce – The 65 Variant,44,-,-,Veg
Rice Bowlz,Classic Chicken Rice Bowlz & Pepsi Combo,288.57,689,690,Non Veg
Rice Bowlz,Popcorn Chicken Rice Bowlz & Pepsi Combo,288.57,757,670,Non Veg
Rice Bowlz,Grilled Chicken Rice Bowlz & Pepsi Combo,288.57,560,670,Non Veg
Rice Bowlz,Classic Chicken Rice Bowlz,219.05,547,360,Non Veg
Rice Bowlz,Popcorn Chicken Rice Bowlz,249.05,615,340,Non Veg
Rice Bowlz,Grilled Chicken Rice Bowlz,219.05,418,340,Non Veg
Desserts & Beverages,Very Berry Strawberry Cup,81.66,69,60,Veg
Desserts & Beverages,Alphonso Mango,91.19,72,60,Veg
Desserts & Beverages,Dutch Chocolate Cup,91.19,77,59,Veg
Desserts & Beverages,Honey Nut Crunch Cup,100.71,90,61,Veg
Desserts & Beverages,Redbull Energy Drink,201,-,-,Veg
Desserts & Beverages,Redbull Sugarfree,201,-,-,Veg
Desserts & Beverages,Mojito,94.05,-,-,Veg
Desserts & Beverages,Pepsi Regular,119,-,-,Veg 
Desserts & Beverages,Pepsi Medium,129,-,-,Non Veg
Desserts & Beverages,Pepsi Large,139,-,-,Veg
Desserts & Beverages,7Up Regular,94,-,-,Veg
Desserts & Beverages,7Up Medium,104,-,-,Veg
Desserts & Beverages,7Up Large,114,-,-,Veg
Desserts & Beverages,Mirinda Regular,94,-,-,Veg
Desserts & Beverages,Mirinda Medium,104,-,-,Veg
Desserts & Beverages,Mirinda Large,114,-,-,Veg
Desserts & Beverages,Krush Lime,83.57,-,-,Veg
Desserts & Beverages,Pepsi Zero Sugar Regular,119,-,-,Veg
Desserts & Beverages,Pepsi Zero Sugar Medium,129,-,-,Veg
Desserts & Beverages,Pepsi Zero Sugar Large,139,-,-,Veg
Desserts & Beverages,Mountain Dew R,94,-,-,Veg
Desserts & Beverages,Mountain Dew M,104,-,-,Veg
Desserts & Beverages,Mountain Dew L,114,-,-,Veg
Desserts & Beverages,Coolberg Cranberry,162.85,-,-,Veg
Desserts & Beverages,Coolberg Peach,162.85,-,-,Veg
Desserts & Beverages,Choco Lava Cake,129,343,60,Veg
Desserts & Beverages,Choco Mud Pie,139,241,93,Veg
