category,subcategory,item_name,dietary_preference,personal_price_inr,medium_price_inr,price_inr,size_or_variant,description,nutrition,additional_details
New Launch,Triple Spice,American Nashville,Veg,249,429,,Personal/Medium,"Triple spice pizza topped with smoky & spicy American Nashville sauce, mushroom, onion and a crust coated with spicy bhut jolokia chilli.",245 kcal/100g (Pan); 251 kcal/100g (Thin n Crispy),
New Launch,Triple Spice,American Nashville,Non-Veg,329,429,,Personal/Medium,"Triple spice pizza topped with smoky & spicy American Nashville sauce, mushroom, onion and a crust coated with spicy bhut jolokia chilli.",245 kcal/100g (Pan); 251 kcal/100g (Thin n Crispy),Chicken Sausage
New Launch,Triple Spice,Mexican Mango Habanero,Veg,279,479,,Personal/Medium,"Triple spice pizza topped with sweet & spicy Mexican mango habanero sauce, spicy jalapeno, green capsicum and a crust coated with spicy bhut jolokia chilli.",243 kcal/100g (Pan); 251 kcal/100g (Thin n Crispy),
New Launch,Triple Spice,Mexican Mango Habanero,Non-Veg,359,479,,Personal/Medium,"Triple spice pizza topped with sweet & spicy Mexican mango habanero sauce, spicy jalapeno, green capsicum and a crust coated with spicy bhut jolokia chilli.",243 kcal/100g (Pan); 251 kcal/100g (Thin n Crispy),Herbed Chicken
New Launch,Triple Spice,Korean Red Chilli,Veg,309,529,,Personal/Medium,"Triple spice pizza topped with super spicy Korean red chilli sauce, spicy paprika, pepper, tomato and a crust coated with spicy bhut jolokia chilli.",237 kcal/100g (Pan); 240 kcal/100g (Thin n Crispy),
New Launch,Triple Spice,Korean Red Chilli,Non-Veg,399,529,,Personal/Medium,"Triple spice pizza topped with super spicy Korean red chilli sauce, spicy paprika, pepper, tomato and a crust coated with spicy bhut jolokia chilli.",237 kcal/100g (Pan); 240 kcal/100g (Thin n Crispy),Schezwan Meatball
Pizza,Veg,Margherita,Veg,169,359,,Personal/Medium,Classic cheese.,292 kcal/100g (Pan); 293 kcal/100g (Thin n Crispy),
Pizza,Veg,Schezwan Margherita,Veg,205,389,,Personal/Medium,With spicy schezwan sauce.,300 kcal/100g (Pan); 309 kcal/100g (Thin n Crispy),
Pizza,Veg,Double Cheese Margherita,Veg,259,445,,Personal/Medium,Extra cheese on a classic Margherita. The ultimate comfort food!,298 kcal/100g (Pan); 292 kcal/100g (Thin n Crispy),
Pizza,Veg,Corn & Cheese,Veg,259,445,,Personal/Medium,Cheese & sweet corn.,320 kcal/100g (Pan); 304 kcal/100g (Thin n Crispy),
Pizza,Veg,Veggie Feast,Veg,,,,,"Sweet corn, herbed onion, green capsicum.",269 kcal/100g (Pan); 274 kcal/100g (Thin n Crispy),Price shown in menu grouping: included in listed pizza selections
Pizza,Veg,Spiced Paneer,Veg,349,579,,Personal/Medium,"Spiced paneer, onion, tomato.",276 kcal/100g (Pan); 283 kcal/100g (Thin n Crispy),
Pizza,Veg,Mexican Fiesta,Veg,,,,,"Red & green capsicum, jalapeño, onion, black olives, sweet corn.",266 kcal/100g (Pan); 258 kcal/100g (Thin n Crispy),Best Seller
Pizza,Veg,Country Feast,Veg,365,605,,Personal/Medium,"Sweet corn, tomato, herbed onion, green capsicum.",244 kcal/100g (Pan); 282 kcal/100g (Thin n Crispy),
Pizza,Veg,Bold BBQ Veggies,Veg,,,,,"BBQ sauce, mushroom, onion, green capsicum, red paprika.",242 kcal/100g (Pan); 266 kcal/100g (Thin n Crispy),Best Seller
Pizza,Veg,Tandoori Paneer,Veg,399,699,,Personal/Medium,"Spiced paneer, onion, green capsicum, red paprika, tandoori sauce.",335 kcal/100g (Pan); 326 kcal/100g (Thin n Crispy),
Pizza,Veg,Veggie Supreme,Veg,,,,,"Onion, green capsicum, mushroom, red paprika, black olives, sweet corn.",254 kcal/100g (Pan); 258 kcal/100g (Thin n Crispy),Best Seller
Pizza,Veg,Mazedar Makhni Paneer,Veg,455,719,,Personal/Medium,"Spiced paneer, onion, red capsicum, makhni sauce, buttery spice sprinkle.",288 kcal/100g (Pan); 290 kcal/100g (Thin n Crispy),Best Seller
Pizza,Veg,Ultimate Tandoori Veggie,Veg,,,,,"Green capsicum, onion, mushroom, tomato, jalapeño, tandoori sauce, mint mayo.",314 kcal/100g (Pan); 395 kcal/100g (Thin n Crispy),
Pizza,Non-Veg,Chicken Sausage,Non-Veg,249,435,,Personal/Medium,"Cheesy chicken sausage, onion.",310 kcal/100g (Pan); 312 kcal/100g (Thin n Crispy),
Pizza,Non-Veg,Sausage & Sweet Corn,Non-Veg,309,525,,Personal/Medium,"Cheesy chicken sausage, sweet corn.",277 kcal/100g (Pan); 282 kcal/100g (Thin n Crispy),
Pizza,Non-Veg,Sizzling Schezwan Chicken,Non-Veg,369,645,,Personal/Medium,"Schezwan chicken meatballs, spicy schezwan sauce.",277 kcal/100g (Pan); 286 kcal/100g (Thin n Crispy),
Pizza,Non-Veg,Dhabe Da Keema,Non-Veg,,,,,"Dhaba style chicken keema masala, green chilli, onion, mint mayo.",270 kcal/100g (Pan); 290 kcal/100g (Thin n Crispy),
Pizza,Non-Veg,Chicken Tikka,Non-Veg,449,719,,Personal/Medium,"Chicken tikka, tomato, onion, tandoori sauce.",275 kcal/100g (Pan); 283 kcal/100g (Thin n Crispy),
Pizza,Non-Veg,Chicken Pepperoni,Non-Veg,,,,,"Chicken pepperoni, cheese.",301 kcal/100g (Pan); 311 kcal/100g (Thin n Crispy),
Pizza,Non-Veg,Murg Malai Chicken,Non-Veg,,,,,"Chicken malai tikka, red paprika, herbed onion, green capsicum.",269 kcal/100g (Pan); 299 kcal/100g (Thin n Crispy),
Pizza,Non-Veg,Chicken Supreme,Non-Veg,,,,,"Herbed chicken, schezwan chicken meatballs, chicken tikka.",273 kcal/100g (Pan); 284 kcal/100g (Thin n Crispy),Best Seller
Pizza,Non-Veg,Chicken Tikka Supreme,Non-Veg,469,759,,Personal/Medium,"Chicken tikka, chicken malai tikka, onion, red paprika, green capsicum.",267 kcal/100g (Pan); 274 kcal/100g (Thin n Crispy),Best Seller
Pizza,Non-Veg,Nawabi Murg Makhni,Non-Veg,,,,,"Chicken malai tikka, chicken keema masala, onion, tomato, makhni sauce, buttery spice sprinkle.",252 kcal/100g (Pan); 269 kcal/100g (Thin n Crispy),Best Seller
Pizza,Non-Veg,Triple Chicken Feast,Non-Veg,,,,,"Schezwan chicken meatballs, herbed chicken, chicken sausage, green capsicum, onion, red paprika.",262 kcal/100g (Pan); 277 kcal/100g (Thin n Crispy),
Sides,Hot Wings,Hot Wings - Mango Habanero,Non-Veg,265,,,,,182 kcal/100g,
Sides,Hot Wings,Hot Wings - Nashville,Non-Veg,265,,,,,189 kcal/100g,
Sides,Hot Wings,Hot Wings - Korean,Non-Veg,265,,,,,182 kcal/100g,
Sides,Hot Wings,Hot Wings - Wasabi,Non-Veg,265,,,,,193 kcal/100g,
Sides,Hot Fries,Hot Fries,Veg,149,,,,Baked fries sprinkled with bhut jolokia chilli seasoning.,204 kcal/100g,
Dips,Double Dipper,Double Dipper,Veg/Non-Veg,65,,,,Choose any 2 dips.,,Mango Habanero 44 kcal/30g; Nashville 56 kcal/30g; Korean 44 kcal/30g; Wasabi 63 kcal/30g
Garlic Bread,Garlic Bread,Spicy Supreme Garlic Bread,Non-Veg,199,,,,,346 kcal/100g,
Garlic Bread,Garlic Bread,Exotica Veggie Garlic Bread,Veg,189,,,,,449 kcal/100g,
Garlic Bread,Garlic Bread,Cheese Garlic Bread,Veg,185,,,,,363 kcal/100g,
Garlic Bread,Garlic Bread,Masala Keema Garlic Bread,Non-Veg,219,,,,,442 kcal/100g,
Garlic Bread,Bread Stix,Loaded Bread Stix,Veg,189,,,,,320 kcal/100g,
Garlic Bread,Bread Stix,Classic Bread Stix,Veg,129,,,,,287 kcal/100g,
Sides,Fries,Cheezy Sprinkled Fries,Veg,149,,,,"Baked fries, cheezy seasoning.",213 kcal/100g,
Sides,Fries,Sprinkled Fries,Veg,139,,,,"Baked fries, signature Peruvian seasoning.",204 kcal/100g,
Sides,Pocket,Cheesy Pocket (2pc),Veg,149,,,2 pc,,276 kcal/100g,
Sides,Pocket,Indi Cheesy Pocket (2pc),Veg,129,,,2 pc,,276 kcal/100g,
Sides,Wings,BBQ Baked Chicken Wings,Non-Veg,249,329,,4 pcs / 6 pcs,,206 kcal/100g,
Sides,Wings,Spicy Baked Chicken Wings,Non-Veg,249,329,,4 pcs / 6 pcs,,189 kcal/100g,
Pastas,Pasta,Classic White Sauce Pasta,Veg,279,309,,Personal/Medium,"Fusilli pasta, creamy white sauce, red bell pepper, olives, onions, capsicum.",176 kcal/100g (Veg); 178 kcal/100g (Non-Veg),Menu shows Veg/Non-Veg pricing
Pastas,Pasta,Creamy Tomato Mix Sauce,Veg,219,259,,Personal/Medium,"Fusilli pasta, creamy white sauce, Italian arrabbiata sauce, red bell pepper, onions, capsicum, paprika.",140 kcal/100g (Veg); 146 kcal/100g (Non-Veg),Menu shows Veg/Non-Veg pricing
Pastas,Pasta,Italian Red Sauce,Veg,219,259,,Personal/Medium,"Fusilli pasta, Italian arrabbiata sauce, red bell pepper, onions, capsicum.",133 kcal/100g (Veg); 140 kcal/100g (Non-Veg),Menu shows Veg/Non-Veg pricing
Melts,Melts,Cheezy Cheese Veg,Veg,259,309,,Personal/Medium,"Onion, green capsicum, red bell pepper, sweet corn, mozzarella cheese, flavourful sauce, cheezy seasoning.",296 kcal/100g (Veg); 268 kcal/100g (Non-Veg),Menu shows Veg/Non-Veg pricing
Melts,Melts,Loaded Veggie BBQ,Veg,219,279,,Personal/Medium,"Onion, green capsicum, red bell pepper, sweet corn, mushroom, mozzarella cheese, flavourful sauce, barbeque sauce, signature spice seasoning.",255 kcal/100g (Veg); 330 kcal/100g (Non-Veg),Menu shows Veg/Non-Veg pricing
Dips,Dip,Jalapeño Pepper Dip,Veg,45,,,,,49 kcal/20g,
Dips,Dip,Schezwan Dip,Veg,45,,,,,18 kcal/15g,
Drinks,Beverage,Masala Guava,Veg,129,,,,,188 kcal/250ml,
Drinks,Beverage,Masala Pop,Veg,129,,,,,218 kcal/280ml,
Drinks,Beverage,Masala Lemonade,Veg,129,419,,Glass/Pitcher,,134 kcal/250ml,
Drinks,Beverage,Pepsi,Veg,139,379,,Glass/Pitcher,,108 kcal/250ml,
Drinks,Beverage,7 Up,Veg,114,369,,Glass/Pitcher,,115 kcal/250ml,
Drinks,Beverage,Mirinda,Veg,114,369,,Glass/Pitcher,,138 kcal/250ml,
Desserts,Dessert,Choco Volcano,Veg,139,,,,,262 kcal/82g,
Desserts,Dessert,Brownie-wa-nie,Veg,129,,,,,273 kcal/55g,
Crafted Flatzz,Veg,Overloaded Veggies,Veg,419,,,,"Mozzarella cheese, capsicum, onion, corn, tomato, jalapeño, olives, Texas garlic drizzle.",345 kcal/100g,
Crafted Flatzz,Veg,Paneer Makhni Masala,Veg,419,,,,"Mozzarella cheese, masala paneer, onions, green chilli, red bell pepper, makhni sauce, mint sauce drizzle.",273 kcal/100g,
Crafted Flatzz,Non-Veg,Keema Masala,Non-Veg,459,,,,"Mozzarella cheese, chicken keema, onion, red paprika, green capsicum, makhni sauce, mint sauce drizzle.",276 kcal/100g,
Crafted Flatzz,Non-Veg,Tandoori Chicken,Non-Veg,459,,,,"Mozzarella cheese, tikka duo-chicken tikka & chicken malai tikka, duo peppers-green & red, tandoori sauce, mint drizzle.",258 kcal/100g,
Flavour Fun,Veg,Classic Corn,Veg,125,,,,,319 kcal/100g,
Flavour Fun,Veg,Classic Onion Capsicum,Veg,135,,,,,307 kcal/100g,
Flavour Fun,Veg,"Spicy Sweet Corn, Onion & Green Chilli",Veg,169,,,,,327 kcal/100g,
Flavour Fun,Veg,Chatpata Tomato Onion & Chilli,Veg,179,,,,,328 kcal/100g,
Flavour Fun,Veg,Cheesy Spicy Delight,Veg,199,,,,,298 kcal/100g,
Flavour Fun,Veg,Chilli Paneer Sizzle,Veg,235,,,,,298 kcal/100g,
Flavour Fun,Non-Veg,Classic Chicken Pepperoni & Onion,Non-Veg,179,,,,,332 kcal/100g,
Flavour Fun,Non-Veg,Classic Herbed Chicken & Capsicum,Non-Veg,199,,,,,331 kcal/100g,
Flavour Fun,Non-Veg,Chatpata Chicken Feast,Non-Veg,259,,,,,294 kcal/100g,
Crust Option,Crust Upgrade,Ultimate Cheese Crust,Veg/Non-Veg,309,329,,Personal/Medium,Additional charge over listed pizza price.,,Personal ₹279; Medium ₹299
Crust Option,Crust Upgrade,Stuffed Crust Maxx,,94,114,,Personal/Medium,Additional charge over listed pizza price.,,Personal ₹79; Medium ₹99
Crust Option,Crust Upgrade,Thin N Crispy Large,,169,,,Medium,Upgrade any medium pizza.,,
