store_name,category,subcategory,item_name,variant,price_inr,dietary_type,menu_page,notes
Sri Siddhi Vinayaka Manch Mela,South Indian Breakfast,Idli,Idli,,35.0,Veg,2,
Sri Siddhi Vinayaka Manch Mela,South Indian Breakfast,Idli,Idli Sambar,,45.0,Veg,2,
Sri Siddhi Vinayaka Manch Mela,South Indian Breakfast,Puri & Bajji,Puri,2 Nos.,40.0,Veg,2,
Sri Siddhi Vinayaka Manch Mela,South Indian Breakfast,Puri & Bajji,Mirchi Bajji,3 Nos.,30.0,Veg,2,
Sri Siddhi Vinayaka Manch Mela,South Indian Breakfast,Puri & Bajji,Cut Bajji,3 Nos.,40.0,Veg,2,
Sri Siddhi Vinayaka Manch Mela,South Indian Breakfast,Puri & Bajji,Egg Bajji,2 Nos.,40.0,Non-Veg,2,
Sri Siddhi Vinayaka Manch Mela,South Indian Breakfast,Puri & Bajji,Onion Bajji,3 Nos.,60.0,Veg,2,
Sri Siddhi Vinayaka Manch Mela,South Indian Breakfast,Puri & Bajji,Punugulu,,30.0,Veg,2,
Sri Siddhi Vinayaka Manch Mela,South Indian Breakfast,Puri & Bajji,Omelet,,50.0,Non-Veg,2,
Sri Siddhi Vinayaka Manch Mela,South Indian Breakfast,Dosa,Plain Dosa,,30.0,Veg,2,
Sri Siddhi Vinayaka Manch Mela,South Indian Breakfast,Dosa,Masala Dosa,,50.0,Veg,2,
Sri Siddhi Vinayaka Manch Mela,South Indian Breakfast,Dosa,Onion Dosa,,50.0,Veg,2,
Sri Siddhi Vinayaka Manch Mela,South Indian Breakfast,Dosa,Egg Dosa,,50.0,Non-Veg,2,
Sri Siddhi Vinayaka Manch Mela,South Indian Breakfast,Dosa,Karam Dosa,,40.0,Veg,2,
Sri Siddhi Vinayaka Manch Mela,South Indian Breakfast,Dosa,Set Dosa,,60.0,Veg,2,
Sri Siddhi Vinayaka Manch Mela,South Indian Breakfast,Dosa,Double Egg Dosa,,60.0,Non-Veg,2,
Sri Siddhi Vinayaka Manch Mela,South Indian Breakfast,Dosa,Dosa Parcel,,5.0,Veg,2,
Sri Siddhi Vinayaka Manch Mela,South Indian Breakfast,Dosa,Uthappam,,60.0,Veg,2,
Sri Siddhi Vinayaka Manch Mela,Rice Specialities,Fried Rice,Veg Fried Rice,,60.0,Veg,2,
Sri Siddhi Vinayaka Manch Mela,Rice Specialities,Fried Rice,Paneer Fried Rice,,90.0,Veg,2,
Sri Siddhi Vinayaka Manch Mela,Rice Specialities,Fried Rice,Mushroom Fried Rice,,70.0,Veg,2,
Sri Siddhi Vinayaka Manch Mela,Rice Specialities,Fried Rice,Egg Fried Rice,,70.0,Non-Veg,2,
Sri Siddhi Vinayaka Manch Mela,Rice Specialities,Fried Rice,Chicken Fried Rice,,110.0,Non-Veg,2,
Sri Siddhi Vinayaka Manch Mela,Rice Specialities,Schezwan Fried Rice,Schezwan Fried Rice,,70.0,Veg,2,
Sri Siddhi Vinayaka Manch Mela,Rice Specialities,Schezwan Fried Rice,Schezwan Paneer Fried Rice,,100.0,Veg,2,
Sri Siddhi Vinayaka Manch Mela,Rice Specialities,Schezwan Fried Rice,Schezwan Mushroom Fried Rice,,80.0,Veg,2,
Sri Siddhi Vinayaka Manch Mela,Rice Specialities,Schezwan Fried Rice,Schezwan Egg Fried Rice,,80.0,Non-Veg,2,
Sri Siddhi Vinayaka Manch Mela,Rice Specialities,Schezwan Fried Rice,Schezwan Chicken Fried Rice,,120.0,Non-Veg,2,
Sri Siddhi Vinayaka Manch Mela,Rice Specialities,Special Rice,Plain Chicken Rice,,100.0,Non-Veg,2,
Sri Siddhi Vinayaka Manch Mela,Rice Specialities,Special Rice,Ghee Rice,,110.0,Veg,2,
Sri Siddhi Vinayaka Manch Mela,Rice Specialities,Special Rice,Kaju Fried Rice,,140.0,Veg,2,
Sri Siddhi Vinayaka Manch Mela,Rice Specialities,Special Rice,Butter Garlic Rice,,120.0,Veg,2,
Sri Siddhi Vinayaka Manch Mela,Rice Specialities,Special Rice,Egg Butter Garlic Rice,,120.0,Non-Veg,2,
Sri Siddhi Vinayaka Manch Mela,Rice Specialities,Special Rice,Butter Ghar Rice,,120.0,Veg,2,Name preserved as printed on menu.
Sri Siddhi Vinayaka Manch Mela,Rice Specialities,Special Rice,Egg Butter Ghar Rice,,120.0,Non-Veg,2,Name preserved as printed on menu.
Sri Siddhi Vinayaka Manch Mela,Biryani,Biryani,Egg Biryani,,110.0,Non-Veg,2,
Sri Siddhi Vinayaka Manch Mela,Biryani,Biryani,Chicken Biryani,,130.0,Non-Veg,2,
Sri Siddhi Vinayaka Manch Mela,Biryani,Biryani,Boneless Biryani,,150.0,Non-Veg,2,
Sri Siddhi Vinayaka Manch Mela,Noodles,Regular Noodles,Veg Noodles,,70.0,Veg,2,
Sri Siddhi Vinayaka Manch Mela,Noodles,Regular Noodles,Paneer Noodles,,100.0,Veg,2,
Sri Siddhi Vinayaka Manch Mela,Noodles,Regular Noodles,Mushroom Noodles,,80.0,Veg,2,
Sri Siddhi Vinayaka Manch Mela,Noodles,Regular Noodles,Egg Noodles,,80.0,Non-Veg,2,
Sri Siddhi Vinayaka Manch Mela,Noodles,Regular Noodles,Chicken Noodles,,110.0,Non-Veg,2,
Sri Siddhi Vinayaka Manch Mela,Noodles,Schezwan Noodles,Schezwan Noodles,,80.0,Veg,2,
Sri Siddhi Vinayaka Manch Mela,Noodles,Schezwan Noodles,Schezwan Paneer Noodles,,110.0,Veg,2,
Sri Siddhi Vinayaka Manch Mela,Noodles,Schezwan Noodles,Schezwan Mushroom Noodles,,90.0,Veg,2,
Sri Siddhi Vinayaka Manch Mela,Noodles,Schezwan Noodles,Schezwan Egg Noodles,,90.0,Non-Veg,2,
Sri Siddhi Vinayaka Manch Mela,Noodles,Schezwan Noodles,Schezwan Chicken Noodles,,120.0,Non-Veg,2,
Sri Siddhi Vinayaka Manch Mela,Noodles,Special Noodles,Hakka Noodles,,80.0,Veg,2,
Sri Siddhi Vinayaka Manch Mela,Noodles,Special Noodles,Chicken Hakka Noodles,,130.0,Non-Veg,2,
Sri Siddhi Vinayaka Manch Mela,Noodles,Special Noodles,Chilli Garlic Fried Noodles,,110.0,Veg,2,
Sri Siddhi Vinayaka Manch Mela,Noodles,Special Noodles,Butter Garlic Noodles,,120.0,Veg,2,
Sri Siddhi Vinayaka Manch Mela,Noodles,Special Noodles,Egg Butter Garlic Noodles,,130.0,Non-Veg,2,
Sri Siddhi Vinayaka Manch Mela,Noodles,Special Noodles,Egg Chilli Garlic Fried Noodles,,120.0,Non-Veg,2,
Sri Siddhi Vinayaka Manch Mela,Noodles,Special Noodles,Gobi Schezwan Noodles,,100.0,Veg,2,
Sri Siddhi Vinayaka Manch Mela,Noodles,Special Noodles,Gobi Noodles,,90.0,Veg,2,
Sri Siddhi Vinayaka Manch Mela,Paratha,Paratha,Chicken Paratha,,110.0,Non-Veg,2,
Sri Siddhi Vinayaka Manch Mela,Veg Starters,Gobi,Gobi Manchurian,,80.0,Veg,1,
Sri Siddhi Vinayaka Manch Mela,Veg Starters,Gobi,Gobi Chilli,,80.0,Veg,1,
Sri Siddhi Vinayaka Manch Mela,Veg Starters,Gobi,Gobi Pepper Dry,,80.0,Veg,1,
Sri Siddhi Vinayaka Manch Mela,Veg Starters,Gobi,Gobi 65,,80.0,Veg,1,
Sri Siddhi Vinayaka Manch Mela,Veg Starters,Mushroom,Mushroom Manchurian,,100.0,Veg,1,
Sri Siddhi Vinayaka Manch Mela,Veg Starters,Mushroom,Mushroom Chilli,,100.0,Veg,1,
Sri Siddhi Vinayaka Manch Mela,Veg Starters,Mushroom,Mushroom Pepper Dry,,100.0,Veg,1,
Sri Siddhi Vinayaka Manch Mela,Veg Starters,Mushroom,Mushroom 65,,100.0,Veg,1,
Sri Siddhi Vinayaka Manch Mela,Veg Starters,Baby Corn,Baby Corn Manchurian,,100.0,Veg,1,
Sri Siddhi Vinayaka Manch Mela,Veg Starters,Baby Corn,Baby Corn Chilli,,100.0,Veg,1,
Sri Siddhi Vinayaka Manch Mela,Veg Starters,Baby Corn,Baby Corn Pepper Dry,,100.0,Veg,1,
Sri Siddhi Vinayaka Manch Mela,Veg Starters,Baby Corn,Baby Corn 65,,100.0,Veg,1,
Sri Siddhi Vinayaka Manch Mela,Veg Starters,Paneer,Paneer Manchurian,,130.0,Veg,1,
Sri Siddhi Vinayaka Manch Mela,Veg Starters,Paneer,Paneer Chilli,,130.0,Veg,1,
Sri Siddhi Vinayaka Manch Mela,Veg Starters,Paneer,Paneer Pepper Dry,,130.0,Veg,1,
Sri Siddhi Vinayaka Manch Mela,Veg Starters,Paneer,Paneer 65,,130.0,Veg,1,
Sri Siddhi Vinayaka Manch Mela,Egg Starters,Egg Starters,Egg Manchurian,,100.0,Non-Veg,1,
Sri Siddhi Vinayaka Manch Mela,Egg Starters,Egg Starters,Egg Chilli,,100.0,Non-Veg,1,
Sri Siddhi Vinayaka Manch Mela,Egg Starters,Egg Starters,Egg Pepper Dry,,100.0,Non-Veg,1,
Sri Siddhi Vinayaka Manch Mela,Egg Starters,Egg Starters,Egg 65,,100.0,Non-Veg,1,
Sri Siddhi Vinayaka Manch Mela,Chicken Starters,Chicken Starters,Chicken Manchurian,,140.0,Non-Veg,1,
Sri Siddhi Vinayaka Manch Mela,Chicken Starters,Chicken Starters,Chicken Chilli,,140.0,Non-Veg,1,
Sri Siddhi Vinayaka Manch Mela,Chicken Starters,Chicken Starters,Chicken Pepper Dry,,140.0,Non-Veg,1,
Sri Siddhi Vinayaka Manch Mela,Chicken Starters,Chicken Starters,Chicken 65,,140.0,Non-Veg,1,
Sri Siddhi Vinayaka Manch Mela,Chicken Starters,Chicken Starters,Chicken 555,,160.0,Non-Veg,1,
Sri Siddhi Vinayaka Manch Mela,Chicken Starters,Chicken Starters,Lemon Chicken,,160.0,Non-Veg,1,
Sri Siddhi Vinayaka Manch Mela,Chicken Starters,Chicken Starters,Garlic Chicken,,160.0,Non-Veg,1,
Sri Siddhi Vinayaka Manch Mela,Chicken Starters,Chicken Starters,Chicken Schezwan,,160.0,Non-Veg,1,
Sri Siddhi Vinayaka Manch Mela,Chicken Starters,Chicken Specialities,Chicken Sholay Kebab,,140.0,Non-Veg,1,
Sri Siddhi Vinayaka Manch Mela,Chicken Starters,Chicken Specialities,Dragon Chicken,,160.0,Non-Veg,1,
Sri Siddhi Vinayaka Manch Mela,Chicken Starters,Chicken Specialities,Chicken Special Wings,,170.0,Non-Veg,1,
Sri Siddhi Vinayaka Manch Mela,Chicken Starters,Chicken Specialities,Chicken Ghee Butter,,170.0,Non-Veg,1,
Sri Siddhi Vinayaka Manch Mela,Chicken Lollipop,Chicken Lollipop,Chicken Lollipop,Half,90.0,Non-Veg,1,
Sri Siddhi Vinayaka Manch Mela,Chicken Lollipop,Chicken Lollipop,Chicken Lollipop,Full,180.0,Non-Veg,1,
Sri Siddhi Vinayaka Manch Mela,Chinese Specials,Chinese Specials,Chilli Paneer,,130.0,Veg,1,
Sri Siddhi Vinayaka Manch Mela,Chinese Specials,Chinese Specials,Chicken Butter Garlic,,140.0,Non-Veg,1,
Sri Siddhi Vinayaka Manch Mela,Chinese Specials,Chinese Specials,Chilli Garlic Fried Chicken,,110.0,Non-Veg,1,
Sri Siddhi Vinayaka Manch Mela,Chinese Specials,Chinese Specials,Butter Garlic Noodle,,120.0,Veg,1,
Sri Siddhi Vinayaka Manch Mela,Beverages,Soft Drinks,Soft Drink,,20.0,NA,1,
Sri Siddhi Vinayaka Manch Mela,Beverages,Soft Drinks,Soft Drink,Glass,15.0,NA,1,
Sri Siddhi Vinayaka Manch Mela,Beverages,Water,Water Bottle,1 Litre,20.0,NA,1,
Sri Siddhi Vinayaka Manch Mela,Beverages,Water,Water Bottle,500 ml,10.0,NA,1,
Sri Siddhi Vinayaka Manch Mela,Dessert,Ice Cream,Ice Cream,,10.0,Veg,1,
Sri Siddhi Vinayaka Manch Mela,Extras,Packaging,Parcel Container,,10.0,NA,1,
